{"cameraMode":{"drawMode":0,"name":"Shaded","section":"Shading Mode"},"sceneLighting":false,"audioPlay":false,"sceneViewState":{"showFog":true,"showMaterialUpdate":false,"showSkybox":false,"showFlares":true,"showImageEffects":true,"showParticleSystems":true},"in2DMode":false,"pivot":{"x":4.313392639160156,"y":-1.576192855834961,"z":10.531198501586914},"rotation":{"x":0.09257788956165314,"y":0.8991910815238953,"z":-0.2315177619457245,"w":0.35956376791000368},"size":21.49989891052246,"orthographic":false}