{"cameraMode":{"drawMode":0,"name":"Shaded","section":"Shading Mode"},"sceneLighting":true,"audioPlay":false,"sceneViewState":{"showFog":true,"showMaterialUpdate":false,"showSkybox":false,"showFlares":true,"showImageEffects":true,"showParticleSystems":true},"in2DMode":false,"pivot":{"x":2.1435296535491945,"y":1.0315985679626465,"z":1.6961607933044434},"rotation":{"x":0.020113833248615266,"y":0.28713107109069826,"z":-0.0060305786319077019,"w":0.957661509513855},"size":4.813438892364502,"orthographic":false}