{"cameraMode":{"drawMode":0,"name":"Shaded","section":"Shading Mode"},"sceneLighting":false,"audioPlay":false,"sceneViewState":{"showFog":true,"showMaterialUpdate":false,"showSkybox":false,"showFlares":true,"showImageEffects":true,"showParticleSystems":true},"in2DMode":false,"pivot":{"x":0.584295392036438,"y":0.5775424242019653,"z":1.1228797435760499},"rotation":{"x":-0.07712297886610031,"y":0.9108335971832275,"z":-0.19872154295444489,"w":-0.3534882068634033},"size":2.0660252571105959,"orthographic":false}